Name, Time, Iterations
CO-2+2W_2 , 0.001413
CO-2+2W_3 , 0.001188
CO-2+2W_5 , 0.002976
fibonacci , 4.377735
szymanski , 61.652451
dijkstra , 0.016525
