Name, Time, Iterations
CO-2+2W_2 , 0.001107
CO-2+2W_3 , 0.001227
CO-2+2W_5 , 0.001688
fibonacci , 4.387652
szymanski , 59.005158
dijkstra , 0.017284
