Name,Time
CO-2+2W_2 , 0.003380
CO-2+2W_3 , 0.002355
CO-2+2W_5 , 0.005555
fibonacci , 3.745938
szymanski , 59.708616
