Name, Time, Iterations
CO-2+2W_2 , 0.001086
CO-2+2W_3 , 0.001186
CO-2+2W_5 , 0.001709
fibonacci , 6.368373
szymanski , 58.994507
dijkstra , 0.016321
