Name, Time, Iterations
CO-2+2W_2 , 0.001688
CO-2+2W_3 , 0.001224
CO-2+2W_5 , 0.001911
fibonacci , 4.312359
szymanski , 80.045227
dijkstra , 0.018564
