Name, Time, Iterations
CO-2+2W_2 , 0.001827
CO-2+2W_3 , 0.002915
CO-2+2W_5 , 0.001722
fibonacci , 6.062752
szymanski , 58.318282
dijkstra , 0.019750
