Name, Time, Iterations
CO-2+2W_2 , 0.001730
CO-2+2W_3 , 0.001937
CO-2+2W_5 , 0.001662
fibonacci , 5.919683
szymanski , 58.646365
dijkstra , 0.019831
