Name, Time, Iterations
CO-2+2W_2 , 0.001780
CO-2+2W_3 , 0.002119
CO-2+2W_5 , 0.001695
fibonacci , 4.823545
szymanski , 60.013266
dijkstra , 0.017698
