Name, Time, Iterations
CO-2+2W_2 , 0.001023
CO-2+2W_3 , 0.001967
CO-2+2W_5 , 0.001659
fibonacci , 4.228656
szymanski , 62.523380
dijkstra , 0.019270
