Name,Time
CO-2+2W_2 , 0.001681
CO-2+2W_3 , 0.001266
CO-2+2W_5 , 0.001658
fibonacci , 3.196336
szymanski , 54.936783
dijkstra , 0.016798
