Name, Time, Iterations
CO-2+2W_2 , 0.001830
CO-2+2W_3 , 0.001229
CO-2+2W_5 , 0.001658
fibonacci , 6.028254
szymanski , 62.270896
dijkstra , 0.019680
