Name, Time, Iterations
CO-2+2W_2 , 0.001765
CO-2+2W_3 , 0.001223
CO-2+2W_5 , 0.001735
fibonacci , 5.927050
szymanski , 60.853944
dijkstra , 0.017356
