Name, Time, Iterations
CO-2+2W_2 , 0.001095
CO-2+2W_3 , 0.001257
CO-2+2W_5 , 0.001934
fibonacci , 5.937728
szymanski , 59.710887
dijkstra , 0.017409
