Name, Time, Iterations
CO-2+2W_2 , 0.001096
CO-2+2W_3 , 0.001957
CO-2+2W_5 , 0.001671
fibonacci , 4.757254
szymanski , 59.666944
dijkstra , 0.014882
