Name,Time
CO-2+2W_2 , 0.001128
CO-2+2W_3 , 0.001198
CO-2+2W_5 , 0.001863
fibonacci , 3.444885
szymanski , 78.770067
