Name, Time, Iterations
CO-2+2W_2 , 0.0012255
CO-2+2W_3 , 0.0012439999999999999
CO-2+2W_5 , 0.0017532499999999998
